Product ID,Invoice ID,Product line,Unit price,Quantity
750-67-8428-Health and beauty,750-67-8428,Health and beauty,74.69,7
226-31-3081-Electronic accessories,226-31-3081,Electronic accessories,15.28,5
631-41-3108-Home and lifestyle,631-41-3108,Home and lifestyle,46.33,7
123-19-1176-Health and beauty,123-19-1176,Health and beauty,58.22,8
373-73-7910-Sports and travel,373-73-7910,Sports and travel,86.31,7
699-14-3026-Electronic accessories,699-14-3026,Electronic accessories,85.39,7
355-53-5943-Electronic accessories,355-53-5943,Electronic accessories,68.84,6
315-22-5665-Home and lifestyle,315-22-5665,Home and lifestyle,73.56,10
665-32-9167-Health and beauty,665-32-9167,Health and beauty,36.26,2
692-92-5582-Food and beverages,692-92-5582,Food and beverages,54.84,3
351-62-0822-Fashion accessories,351-62-0822,Fashion accessories,14.48,4
529-56-3974-Electronic accessories,529-56-3974,Electronic accessories,25.51,4
365-64-0515-Electronic accessories,365-64-0515,Electronic accessories,46.95,5
252-56-2699-Food and beverages,252-56-2699,Food and beverages,43.19,10
829-34-3910-Health and beauty,829-34-3910,Health and beauty,71.38,10
299-46-1805-Sports and travel,299-46-1805,Sports and travel,93.72,6
656-95-9349-Health and beauty,656-95-9349,Health and beauty,68.93,7
765-26-6951-Sports and travel,765-26-6951,Sports and travel,72.61,6
329-62-1586-Food and beverages,329-62-1586,Food and beverages,54.67,3
319-50-3348-Home and lifestyle,319-50-3348,Home and lifestyle,40.3,2
300-71-4605-Electronic accessories,300-71-4605,Electronic accessories,86.04,5
371-85-5789-Health and beauty,371-85-5789,Health and beauty,87.98,3
273-16-6619-Home and lifestyle,273-16-6619,Home and lifestyle,33.2,2
636-48-8204-Electronic accessories,636-48-8204,Electronic accessories,34.56,5
549-59-1358-Sports and travel,549-59-1358,Sports and travel,88.63,3
227-03-5010-Home and lifestyle,227-03-5010,Home and lifestyle,52.59,8
649-29-6775-Fashion accessories,649-29-6775,Fashion accessories,33.52,1
189-17-4241-Fashion accessories,189-17-4241,Fashion accessories,87.67,2
145-94-9061-Food and beverages,145-94-9061,Food and beverages,88.36,5
848-62-7243-Health and beauty,848-62-7243,Health and beauty,24.89,9
871-79-8483-Fashion accessories,871-79-8483,Fashion accessories,94.13,5
149-71-6266-Sports and travel,149-71-6266,Sports and travel,78.07,9
640-49-2076-Sports and travel,640-49-2076,Sports and travel,83.78,8
595-11-5460-Health and beauty,595-11-5460,Health and beauty,96.58,2
183-56-6882-Food and beverages,183-56-6882,Food and beverages,99.42,4
232-16-2483-Sports and travel,232-16-2483,Sports and travel,68.12,1
129-29-8530-Sports and travel,129-29-8530,Sports and travel,62.62,5
272-65-1806-Electronic accessories,272-65-1806,Electronic accessories,60.88,9
333-73-7901-Health and beauty,333-73-7901,Health and beauty,54.92,8
777-82-7220-Home and lifestyle,777-82-7220,Home and lifestyle,30.12,8
280-35-5823-Home and lifestyle,280-35-5823,Home and lifestyle,86.72,1
554-53-8700-Home and lifestyle,554-53-8700,Home and lifestyle,56.11,2
354-25-5821-Sports and travel,354-25-5821,Sports and travel,69.12,6
228-96-1411-Food and beverages,228-96-1411,Food and beverages,98.7,8
617-15-4209-Health and beauty,617-15-4209,Health and beauty,15.37,2
132-32-9879-Electronic accessories,132-32-9879,Electronic accessories,93.96,4
370-41-7321-Health and beauty,370-41-7321,Health and beauty,56.69,9
727-46-3608-Food and beverages,727-46-3608,Food and beverages,20.01,9
669-54-1719-Electronic accessories,669-54-1719,Electronic accessories,18.93,6
574-22-5561-Fashion accessories,574-22-5561,Fashion accessories,82.63,10
326-78-5178-Food and beverages,326-78-5178,Food and beverages,91.4,7
162-48-8011-Food and beverages,162-48-8011,Food and beverages,44.59,5
616-24-2851-Fashion accessories,616-24-2851,Fashion accessories,17.87,4
778-71-5554-Fashion accessories,778-71-5554,Fashion accessories,15.43,1
242-55-6721-Home and lifestyle,242-55-6721,Home and lifestyle,16.16,2
399-46-5918-Electronic accessories,399-46-5918,Electronic accessories,85.98,8
106-35-6779-Home and lifestyle,106-35-6779,Home and lifestyle,44.34,2
635-40-6220-Health and beauty,635-40-6220,Health and beauty,89.6,8
817-48-8732-Home and lifestyle,817-48-8732,Home and lifestyle,72.35,10
120-06-4233-Electronic accessories,120-06-4233,Electronic accessories,30.61,6
285-68-5083-Sports and travel,285-68-5083,Sports and travel,24.74,3
803-83-5989-Home and lifestyle,803-83-5989,Home and lifestyle,55.73,6
347-34-2234-Sports and travel,347-34-2234,Sports and travel,55.07,9
199-75-8169-Sports and travel,199-75-8169,Sports and travel,15.81,10
853-23-2453-Health and beauty,853-23-2453,Health and beauty,75.74,4
877-22-3308-Health and beauty,877-22-3308,Health and beauty,15.87,10
838-78-4295-Health and beauty,838-78-4295,Health and beauty,33.47,2
109-28-2512-Fashion accessories,109-28-2512,Fashion accessories,97.61,6
232-11-3025-Sports and travel,232-11-3025,Sports and travel,78.77,10
382-03-4532-Health and beauty,382-03-4532,Health and beauty,18.33,1
393-65-2792-Food and beverages,393-65-2792,Food and beverages,89.48,10
796-12-2025-Fashion accessories,796-12-2025,Fashion accessories,62.12,10
510-95-6347-Food and beverages,510-95-6347,Food and beverages,48.52,3
841-35-6630-Electronic accessories,841-35-6630,Electronic accessories,75.91,6
287-21-9091-Home and lifestyle,287-21-9091,Home and lifestyle,74.67,9
732-94-0499-Electronic accessories,732-94-0499,Electronic accessories,41.65,10
263-10-3913-Fashion accessories,263-10-3913,Fashion accessories,49.04,9
381-20-0914-Fashion accessories,381-20-0914,Fashion accessories,20.01,9
829-49-1914-Food and beverages,829-49-1914,Food and beverages,78.31,10
756-01-7507-Health and beauty,756-01-7507,Health and beauty,20.38,5
870-72-4431-Health and beauty,870-72-4431,Health and beauty,99.19,6
847-38-7188-Food and beverages,847-38-7188,Food and beverages,96.68,3
480-63-2856-Food and beverages,480-63-2856,Food and beverages,19.25,8
787-56-0757-Food and beverages,787-56-0757,Food and beverages,80.36,4
360-39-5055-Sports and travel,360-39-5055,Sports and travel,48.91,5
730-50-9884-Sports and travel,730-50-9884,Sports and travel,83.06,7
362-58-8315-Fashion accessories,362-58-8315,Fashion accessories,76.52,5
633-44-8566-Food and beverages,633-44-8566,Food and beverages,49.38,7
504-35-8843-Sports and travel,504-35-8843,Sports and travel,42.47,1
318-68-5053-Health and beauty,318-68-5053,Health and beauty,76.99,6
565-80-5980-Home and lifestyle,565-80-5980,Home and lifestyle,47.38,4
225-32-0908-Sports and travel,225-32-0908,Sports and travel,44.86,10
873-51-0671-Sports and travel,873-51-0671,Sports and travel,21.98,7
152-08-9985-Health and beauty,152-08-9985,Health and beauty,64.36,9
512-91-0811-Health and beauty,512-91-0811,Health and beauty,89.75,1
594-34-4444-Electronic accessories,594-34-4444,Electronic accessories,97.16,1
766-85-7061-Health and beauty,766-85-7061,Health and beauty,87.87,10
871-39-9221-Electronic accessories,871-39-9221,Electronic accessories,12.45,6
865-92-6136-Food and beverages,865-92-6136,Food and beverages,52.75,3
733-01-9107-Home and lifestyle,733-01-9107,Home and lifestyle,82.7,6
163-56-7055-Fashion accessories,163-56-7055,Fashion accessories,48.71,1
189-98-2939-Fashion accessories,189-98-2939,Fashion accessories,78.55,9
551-21-3069-Electronic accessories,551-21-3069,Electronic accessories,23.07,9
212-62-1842-Food and beverages,212-62-1842,Food and beverages,58.26,6
716-39-1409-Health and beauty,716-39-1409,Health and beauty,30.35,7
704-48-3927-Electronic accessories,704-48-3927,Electronic accessories,88.67,10
628-34-3388-Fashion accessories,628-34-3388,Fashion accessories,27.38,6
630-74-5166-Sports and travel,630-74-5166,Sports and travel,62.13,6
588-01-7461-Food and beverages,588-01-7461,Food and beverages,33.98,9
861-77-0145-Electronic accessories,861-77-0145,Electronic accessories,81.97,10
479-26-8945-Sports and travel,479-26-8945,Sports and travel,16.49,2
210-67-5886-Health and beauty,210-67-5886,Health and beauty,98.21,3
227-78-1148-Fashion accessories,227-78-1148,Fashion accessories,72.84,7
645-44-1170-Home and lifestyle,645-44-1170,Home and lifestyle,58.07,9
237-01-6122-Home and lifestyle,237-01-6122,Home and lifestyle,80.79,9
225-98-1496-Fashion accessories,225-98-1496,Fashion accessories,27.02,3
291-32-1427-Fashion accessories,291-32-1427,Fashion accessories,21.94,5
659-65-8956-Fashion accessories,659-65-8956,Fashion accessories,51.36,1
642-32-2990-Food and beverages,642-32-2990,Food and beverages,10.96,10
378-24-2715-Home and lifestyle,378-24-2715,Home and lifestyle,53.44,2
638-60-7125-Electronic accessories,638-60-7125,Electronic accessories,99.56,8
659-36-1684-Sports and travel,659-36-1684,Sports and travel,57.12,7
219-22-9386-Sports and travel,219-22-9386,Sports and travel,99.96,9
336-78-2147-Home and lifestyle,336-78-2147,Home and lifestyle,63.91,8
268-27-6179-Fashion accessories,268-27-6179,Fashion accessories,56.47,8
668-90-8900-Home and lifestyle,668-90-8900,Home and lifestyle,93.69,7
870-54-3162-Sports and travel,870-54-3162,Sports and travel,32.25,5
189-08-9157-Fashion accessories,189-08-9157,Fashion accessories,31.73,9
663-86-9076-Food and beverages,663-86-9076,Food and beverages,68.54,8
549-84-7482-Sports and travel,549-84-7482,Sports and travel,90.28,9
191-10-6171-Fashion accessories,191-10-6171,Fashion accessories,39.62,7
802-70-5316-Sports and travel,802-70-5316,Sports and travel,92.13,6
695-51-0018-Sports and travel,695-51-0018,Sports and travel,34.84,4
590-83-4591-Electronic accessories,590-83-4591,Electronic accessories,87.45,6
483-71-1164-Health and beauty,483-71-1164,Health and beauty,81.3,6
597-78-7908-Fashion accessories,597-78-7908,Fashion accessories,90.22,3
700-81-1757-Electronic accessories,700-81-1757,Electronic accessories,26.31,5
354-39-5160-Home and lifestyle,354-39-5160,Home and lifestyle,34.42,6
241-72-9525-Sports and travel,241-72-9525,Sports and travel,51.91,10
575-30-8091-Sports and travel,575-30-8091,Sports and travel,72.5,8
731-81-9469-Sports and travel,731-81-9469,Sports and travel,89.8,10
280-17-4359-Health and beauty,280-17-4359,Health and beauty,90.5,10
338-65-2210-Health and beauty,338-65-2210,Health and beauty,68.6,10
488-25-4221-Food and beverages,488-25-4221,Food and beverages,30.41,1
239-10-7476-Home and lifestyle,239-10-7476,Home and lifestyle,77.95,6
458-41-1477-Health and beauty,458-41-1477,Health and beauty,46.26,6
685-64-1609-Fashion accessories,685-64-1609,Fashion accessories,30.14,10
568-90-5112-Health and beauty,568-90-5112,Health and beauty,66.14,4
262-47-2794-Home and lifestyle,262-47-2794,Home and lifestyle,71.86,8
238-49-0436-Health and beauty,238-49-0436,Health and beauty,32.46,8
608-96-3517-Fashion accessories,608-96-3517,Fashion accessories,91.54,4
584-86-7256-Sports and travel,584-86-7256,Sports and travel,34.56,7
746-94-0204-Fashion accessories,746-94-0204,Fashion accessories,83.24,9
214-17-6927-Food and beverages,214-17-6927,Food and beverages,16.48,6
400-89-4171-Sports and travel,400-89-4171,Sports and travel,80.97,8
782-95-9291-Food and beverages,782-95-9291,Food and beverages,92.29,5
279-74-2924-Electronic accessories,279-74-2924,Electronic accessories,72.17,1
307-85-2293-Home and lifestyle,307-85-2293,Home and lifestyle,50.28,5
743-04-1105-Health and beauty,743-04-1105,Health and beauty,97.22,9
423-57-2993-Sports and travel,423-57-2993,Sports and travel,93.39,6
894-41-5205-Food and beverages,894-41-5205,Food and beverages,43.18,8
275-28-0149-Sports and travel,275-28-0149,Sports and travel,63.69,1
101-17-6199-Food and beverages,101-17-6199,Food and beverages,45.79,7
423-80-0988-Sports and travel,423-80-0988,Sports and travel,76.4,2
548-46-9322-Food and beverages,548-46-9322,Food and beverages,39.9,10
505-02-0892-Health and beauty,505-02-0892,Health and beauty,42.57,8
234-65-2137-Home and lifestyle,234-65-2137,Home and lifestyle,95.58,10
687-47-8271-Fashion accessories,687-47-8271,Fashion accessories,98.98,10
796-32-9050-Food and beverages,796-32-9050,Food and beverages,51.28,6
105-31-1824-Sports and travel,105-31-1824,Sports and travel,69.52,7
249-42-3782-Health and beauty,249-42-3782,Health and beauty,70.01,5
316-55-4634-Food and beverages,316-55-4634,Food and beverages,80.05,5
733-33-4967-Electronic accessories,733-33-4967,Electronic accessories,20.85,8
608-27-6295-Electronic accessories,608-27-6295,Electronic accessories,52.89,6
414-12-7047-Food and beverages,414-12-7047,Food and beverages,19.79,8
827-26-2100-Home and lifestyle,827-26-2100,Home and lifestyle,33.84,9
175-54-2529-Food and beverages,175-54-2529,Food and beverages,22.17,8
139-52-2867-Fashion accessories,139-52-2867,Fashion accessories,22.51,7
407-63-8975-Food and beverages,407-63-8975,Food and beverages,73.88,6
342-65-4817-Health and beauty,342-65-4817,Health and beauty,86.8,3
130-98-8941-Fashion accessories,130-98-8941,Fashion accessories,64.26,7
434-83-9547-Food and beverages,434-83-9547,Food and beverages,38.47,8
851-28-6367-Sports and travel,851-28-6367,Sports and travel,15.5,10
824-88-3614-Health and beauty,824-88-3614,Health and beauty,34.31,8
586-25-0848-Sports and travel,586-25-0848,Sports and travel,12.34,7
895-66-0685-Food and beverages,895-66-0685,Food and beverages,18.08,3
305-14-0245-Home and lifestyle,305-14-0245,Home and lifestyle,94.49,8
732-04-5373-Home and lifestyle,732-04-5373,Home and lifestyle,46.47,4
400-60-7251-Home and lifestyle,400-60-7251,Home and lifestyle,74.07,1
593-65-1552-Home and lifestyle,593-65-1552,Home and lifestyle,69.81,4
284-34-9626-Home and lifestyle,284-34-9626,Home and lifestyle,77.04,3
437-58-8131-Fashion accessories,437-58-8131,Fashion accessories,73.52,2
286-43-6208-Food and beverages,286-43-6208,Food and beverages,87.8,9
641-43-2399-Home and lifestyle,641-43-2399,Home and lifestyle,25.55,4
831-07-6050-Electronic accessories,831-07-6050,Electronic accessories,32.71,5
556-86-3144-Fashion accessories,556-86-3144,Fashion accessories,74.29,1
848-24-9445-Health and beauty,848-24-9445,Health and beauty,43.7,2
856-22-8149-Home and lifestyle,856-22-8149,Home and lifestyle,25.29,1
699-01-4164-Health and beauty,699-01-4164,Health and beauty,41.5,4
420-11-4919-Food and beverages,420-11-4919,Food and beverages,71.39,5
606-80-4905-Sports and travel,606-80-4905,Sports and travel,19.15,6
542-41-0513-Electronic accessories,542-41-0513,Electronic accessories,57.49,4
426-39-2418-Electronic accessories,426-39-2418,Electronic accessories,61.41,7
875-46-5808-Health and beauty,875-46-5808,Health and beauty,25.9,10
394-43-4238-Home and lifestyle,394-43-4238,Home and lifestyle,17.77,5
749-24-1565-Health and beauty,749-24-1565,Health and beauty,23.03,9
672-51-8681-Electronic accessories,672-51-8681,Electronic accessories,66.65,9
263-87-5680-Home and lifestyle,263-87-5680,Home and lifestyle,28.53,10
573-58-9734-Fashion accessories,573-58-9734,Fashion accessories,30.37,3
817-69-8206-Electronic accessories,817-69-8206,Electronic accessories,99.73,9
888-02-0338-Electronic accessories,888-02-0338,Electronic accessories,26.23,9
677-11-0152-Food and beverages,677-11-0152,Food and beverages,93.26,9
142-63-6033-Home and lifestyle,142-63-6033,Home and lifestyle,92.36,5
656-16-1063-Sports and travel,656-16-1063,Sports and travel,46.42,3
891-58-8335-Sports and travel,891-58-8335,Sports and travel,29.61,7
802-43-8934-Home and lifestyle,802-43-8934,Home and lifestyle,18.28,1
560-30-5617-Sports and travel,560-30-5617,Sports and travel,24.77,5
319-74-2561-Electronic accessories,319-74-2561,Electronic accessories,94.64,3
549-03-9315-Fashion accessories,549-03-9315,Fashion accessories,94.87,8
790-29-1172-Food and beverages,790-29-1172,Food and beverages,57.34,3
239-36-3640-Electronic accessories,239-36-3640,Electronic accessories,45.35,6
468-01-2051-Food and beverages,468-01-2051,Food and beverages,62.08,7
389-25-3394-Electronic accessories,389-25-3394,Electronic accessories,11.81,5
279-62-1445-Fashion accessories,279-62-1445,Fashion accessories,12.54,1
213-72-6612-Food and beverages,213-72-6612,Food and beverages,43.25,2
746-68-6593-Sports and travel,746-68-6593,Sports and travel,87.16,2
836-82-5858-Health and beauty,836-82-5858,Health and beauty,69.37,9
583-72-1480-Electronic accessories,583-72-1480,Electronic accessories,37.06,4
466-61-5506-Electronic accessories,466-61-5506,Electronic accessories,90.7,6
721-86-6247-Home and lifestyle,721-86-6247,Home and lifestyle,63.42,8
289-65-5721-Fashion accessories,289-65-5721,Fashion accessories,81.37,2
545-46-3100-Electronic accessories,545-46-3100,Electronic accessories,10.59,3
418-02-5978-Health and beauty,418-02-5978,Health and beauty,84.09,9
269-04-5750-Fashion accessories,269-04-5750,Fashion accessories,73.82,4
157-13-5295-Health and beauty,157-13-5295,Health and beauty,51.94,10
645-78-8093-Sports and travel,645-78-8093,Sports and travel,93.14,2
211-30-9270-Health and beauty,211-30-9270,Health and beauty,17.41,5
755-12-3214-Fashion accessories,755-12-3214,Fashion accessories,44.22,5
346-84-3103-Electronic accessories,346-84-3103,Electronic accessories,13.22,5
478-06-7835-Fashion accessories,478-06-7835,Fashion accessories,89.69,1
540-11-4336-Food and beverages,540-11-4336,Food and beverages,24.94,9
448-81-5016-Health and beauty,448-81-5016,Health and beauty,59.77,2
142-72-4741-Fashion accessories,142-72-4741,Fashion accessories,93.2,2
217-58-1179-Home and lifestyle,217-58-1179,Home and lifestyle,62.65,4
376-02-8238-Home and lifestyle,376-02-8238,Home and lifestyle,93.87,8
530-90-9855-Home and lifestyle,530-90-9855,Home and lifestyle,47.59,8
866-05-7563-Electronic accessories,866-05-7563,Electronic accessories,81.4,3
604-70-6476-Fashion accessories,604-70-6476,Fashion accessories,17.94,5
799-71-1548-Electronic accessories,799-71-1548,Electronic accessories,77.72,4
785-13-7708-Food and beverages,785-13-7708,Food and beverages,73.06,7
845-51-0542-Food and beverages,845-51-0542,Food and beverages,46.55,9
662-47-5456-Fashion accessories,662-47-5456,Fashion accessories,35.19,10
883-17-4236-Sports and travel,883-17-4236,Sports and travel,14.39,2
290-68-2984-Home and lifestyle,290-68-2984,Home and lifestyle,23.75,4
704-11-6354-Home and lifestyle,704-11-6354,Home and lifestyle,58.9,8
110-48-7033-Fashion accessories,110-48-7033,Fashion accessories,32.62,4
366-93-0948-Electronic accessories,366-93-0948,Electronic accessories,66.35,1
729-09-9681-Home and lifestyle,729-09-9681,Home and lifestyle,25.91,6
151-16-1484-Electronic accessories,151-16-1484,Electronic accessories,32.25,4
380-94-4661-Electronic accessories,380-94-4661,Electronic accessories,65.94,4
850-41-9669-Electronic accessories,850-41-9669,Electronic accessories,75.06,9
821-07-3596-Fashion accessories,821-07-3596,Fashion accessories,16.45,4
655-85-5130-Fashion accessories,655-85-5130,Fashion accessories,38.3,4
447-15-7839-Sports and travel,447-15-7839,Sports and travel,22.24,10
154-74-7179-Sports and travel,154-74-7179,Sports and travel,54.45,1
253-12-6086-Sports and travel,253-12-6086,Sports and travel,98.4,7
808-65-0703-Home and lifestyle,808-65-0703,Home and lifestyle,35.47,4
571-94-0759-Food and beverages,571-94-0759,Food and beverages,74.6,10
144-51-6085-Home and lifestyle,144-51-6085,Home and lifestyle,70.74,4
731-14-2199-Home and lifestyle,731-14-2199,Home and lifestyle,35.54,10
783-09-1637-Sports and travel,783-09-1637,Sports and travel,67.43,5
687-15-1097-Health and beauty,687-15-1097,Health and beauty,21.12,2
126-54-1082-Home and lifestyle,126-54-1082,Home and lifestyle,21.54,9
633-91-1052-Home and lifestyle,633-91-1052,Home and lifestyle,12.03,2
477-24-6490-Health and beauty,477-24-6490,Health and beauty,99.71,6
566-19-5475-Fashion accessories,566-19-5475,Fashion accessories,47.97,7
526-86-8552-Home and lifestyle,526-86-8552,Home and lifestyle,21.82,10
376-56-3573-Fashion accessories,376-56-3573,Fashion accessories,95.42,4
537-72-0426-Fashion accessories,537-72-0426,Fashion accessories,70.99,10
828-61-5674-Sports and travel,828-61-5674,Sports and travel,44.02,10
136-08-6195-Home and lifestyle,136-08-6195,Home and lifestyle,69.96,8
523-38-0215-Home and lifestyle,523-38-0215,Home and lifestyle,37,1
490-29-1201-Sports and travel,490-29-1201,Sports and travel,15.34,1
667-92-0055-Health and beauty,667-92-0055,Health and beauty,99.83,6
565-17-3836-Health and beauty,565-17-3836,Health and beauty,47.67,4
498-41-1961-Health and beauty,498-41-1961,Health and beauty,66.68,5
593-95-4461-Home and lifestyle,593-95-4461,Home and lifestyle,74.86,1
226-71-3580-Sports and travel,226-71-3580,Sports and travel,23.75,9
283-79-9594-Food and beverages,283-79-9594,Food and beverages,48.51,7
430-60-3493-Home and lifestyle,430-60-3493,Home and lifestyle,94.88,7
139-20-0155-Electronic accessories,139-20-0155,Electronic accessories,40.3,10
558-80-4082-Electronic accessories,558-80-4082,Electronic accessories,27.85,7
278-97-7759-Electronic accessories,278-97-7759,Electronic accessories,62.48,1
316-68-6352-Food and beverages,316-68-6352,Food and beverages,36.36,2
585-03-5943-Health and beauty,585-03-5943,Health and beauty,18.11,10
211-05-0490-Electronic accessories,211-05-0490,Electronic accessories,51.92,5
727-75-6477-Electronic accessories,727-75-6477,Electronic accessories,28.84,4
744-02-5987-Home and lifestyle,744-02-5987,Home and lifestyle,78.38,6
307-83-9164-Home and lifestyle,307-83-9164,Home and lifestyle,60.01,4
779-06-0012-Home and lifestyle,779-06-0012,Home and lifestyle,88.61,1
446-47-6729-Fashion accessories,446-47-6729,Fashion accessories,99.82,2
573-10-3877-Health and beauty,573-10-3877,Health and beauty,39.01,1
735-06-4124-Food and beverages,735-06-4124,Food and beverages,48.61,1
439-54-7422-Electronic accessories,439-54-7422,Electronic accessories,51.19,4
396-90-2219-Electronic accessories,396-90-2219,Electronic accessories,14.96,8
411-77-0180-Electronic accessories,411-77-0180,Electronic accessories,72.2,7
286-01-5402-Sports and travel,286-01-5402,Sports and travel,40.23,7
803-17-8013-Home and lifestyle,803-17-8013,Home and lifestyle,88.79,8
512-98-1403-Electronic accessories,512-98-1403,Electronic accessories,26.48,3
848-42-2560-Fashion accessories,848-42-2560,Fashion accessories,81.91,2
532-59-7201-Sports and travel,532-59-7201,Sports and travel,79.93,6
181-94-6432-Fashion accessories,181-94-6432,Fashion accessories,69.33,2
870-76-1733-Food and beverages,870-76-1733,Food and beverages,14.23,5
423-64-4619-Health and beauty,423-64-4619,Health and beauty,15.55,9
227-07-4446-Electronic accessories,227-07-4446,Electronic accessories,78.13,10
174-36-3675-Food and beverages,174-36-3675,Food and beverages,99.37,2
428-83-5800-Food and beverages,428-83-5800,Food and beverages,21.08,3
603-07-0961-Electronic accessories,603-07-0961,Electronic accessories,74.79,5
704-20-4138-Health and beauty,704-20-4138,Health and beauty,29.67,7
787-15-1757-Health and beauty,787-15-1757,Health and beauty,44.07,4
649-11-3678-Food and beverages,649-11-3678,Food and beverages,22.93,9
622-20-1945-Health and beauty,622-20-1945,Health and beauty,39.42,1
372-94-8041-Health and beauty,372-94-8041,Health and beauty,15.26,6
563-91-7120-Fashion accessories,563-91-7120,Fashion accessories,61.77,5
746-54-5508-Home and lifestyle,746-54-5508,Home and lifestyle,21.52,6
276-54-0879-Sports and travel,276-54-0879,Sports and travel,97.74,4
815-11-1168-Food and beverages,815-11-1168,Food and beverages,99.78,5
719-76-3868-Food and beverages,719-76-3868,Food and beverages,94.26,4
730-61-8757-Health and beauty,730-61-8757,Health and beauty,51.13,4
340-66-0321-Electronic accessories,340-66-0321,Electronic accessories,36.36,4
868-81-1752-Home and lifestyle,868-81-1752,Home and lifestyle,22.02,9
634-97-8956-Food and beverages,634-97-8956,Food and beverages,32.9,3
566-71-1091-Fashion accessories,566-71-1091,Fashion accessories,77.02,5
442-48-3607-Food and beverages,442-48-3607,Food and beverages,23.48,2
835-16-0096-Sports and travel,835-16-0096,Sports and travel,14.7,5
527-09-6272-Electronic accessories,527-09-6272,Electronic accessories,28.45,5
898-04-2717-Fashion accessories,898-04-2717,Fashion accessories,76.4,9
692-27-8933-Sports and travel,692-27-8933,Sports and travel,57.95,6
633-09-3463-Electronic accessories,633-09-3463,Electronic accessories,47.65,3
374-17-3652-Food and beverages,374-17-3652,Food and beverages,42.82,9
378-07-7001-Electronic accessories,378-07-7001,Electronic accessories,48.09,3
433-75-6987-Health and beauty,433-75-6987,Health and beauty,55.97,7
873-95-4984-Health and beauty,873-95-4984,Health and beauty,76.9,7
416-13-5917-Food and beverages,416-13-5917,Food and beverages,97.03,5
150-89-8043-Sports and travel,150-89-8043,Sports and travel,44.65,3
135-84-8019-Fashion accessories,135-84-8019,Fashion accessories,77.93,9
441-94-7118-Electronic accessories,441-94-7118,Electronic accessories,71.95,1
725-96-3778-Home and lifestyle,725-96-3778,Home and lifestyle,89.25,8
531-80-1784-Electronic accessories,531-80-1784,Electronic accessories,26.02,7
400-45-1220-Health and beauty,400-45-1220,Health and beauty,13.5,10
860-79-0874-Fashion accessories,860-79-0874,Fashion accessories,99.3,10
834-61-8124-Electronic accessories,834-61-8124,Electronic accessories,51.69,7
115-99-4379-Fashion accessories,115-99-4379,Fashion accessories,54.73,7
565-67-6697-Home and lifestyle,565-67-6697,Home and lifestyle,27,9
320-49-6392-Electronic accessories,320-49-6392,Electronic accessories,30.24,1
889-04-9723-Food and beverages,889-04-9723,Food and beverages,89.14,4
632-90-0281-Fashion accessories,632-90-0281,Fashion accessories,37.55,10
554-42-2417-Sports and travel,554-42-2417,Sports and travel,95.44,10
453-63-6187-Electronic accessories,453-63-6187,Electronic accessories,27.5,3
578-80-7669-Sports and travel,578-80-7669,Sports and travel,74.97,1
612-36-5536-Food and beverages,612-36-5536,Food and beverages,80.96,8
605-72-4132-Food and beverages,605-72-4132,Food and beverages,94.47,8
471-41-2823-Food and beverages,471-41-2823,Food and beverages,99.79,2
462-67-9126-Home and lifestyle,462-67-9126,Home and lifestyle,73.22,6
272-27-9238-Food and beverages,272-27-9238,Food and beverages,41.24,4
834-25-9262-Fashion accessories,834-25-9262,Fashion accessories,81.68,4
122-61-9553-Electronic accessories,122-61-9553,Electronic accessories,51.32,9
468-88-0009-Home and lifestyle,468-88-0009,Home and lifestyle,65.94,4
613-59-9758-Sports and travel,613-59-9758,Sports and travel,14.36,10
254-31-0042-Electronic accessories,254-31-0042,Electronic accessories,21.5,9
201-86-2184-Electronic accessories,201-86-2184,Electronic accessories,26.26,7
261-12-8671-Fashion accessories,261-12-8671,Fashion accessories,60.96,2
730-70-9830-Home and lifestyle,730-70-9830,Home and lifestyle,70.11,6
382-25-8917-Fashion accessories,382-25-8917,Fashion accessories,42.08,6
422-29-8786-Home and lifestyle,422-29-8786,Home and lifestyle,67.09,5
667-23-5919-Fashion accessories,667-23-5919,Fashion accessories,96.7,5
843-01-4703-Home and lifestyle,843-01-4703,Home and lifestyle,35.38,9
743-88-1662-Sports and travel,743-88-1662,Sports and travel,95.49,7
595-86-2894-Fashion accessories,595-86-2894,Fashion accessories,96.98,4
182-69-8360-Electronic accessories,182-69-8360,Electronic accessories,23.65,4
289-15-7034-Sports and travel,289-15-7034,Sports and travel,82.33,4
462-78-5240-Electronic accessories,462-78-5240,Electronic accessories,26.61,2
868-52-7573-Food and beverages,868-52-7573,Food and beverages,99.69,5
153-58-4872-Food and beverages,153-58-4872,Food and beverages,74.89,4
662-72-2873-Food and beverages,662-72-2873,Food and beverages,40.94,5
525-88-7307-Sports and travel,525-88-7307,Sports and travel,75.82,1
689-16-9784-Food and beverages,689-16-9784,Food and beverages,46.77,6
725-56-0833-Health and beauty,725-56-0833,Health and beauty,32.32,10
394-41-0748-Fashion accessories,394-41-0748,Fashion accessories,54.07,9
596-42-3999-Food and beverages,596-42-3999,Food and beverages,18.22,7
541-89-9860-Fashion accessories,541-89-9860,Fashion accessories,80.48,3
173-82-9529-Fashion accessories,173-82-9529,Fashion accessories,37.95,10
563-36-9814-Electronic accessories,563-36-9814,Electronic accessories,76.82,1
308-47-4913-Sports and travel,308-47-4913,Sports and travel,52.26,10
885-17-6250-Health and beauty,885-17-6250,Health and beauty,79.74,1
726-27-2396-Health and beauty,726-27-2396,Health and beauty,77.5,5
316-01-3952-Food and beverages,316-01-3952,Food and beverages,54.27,5
760-54-1821-Home and lifestyle,760-54-1821,Home and lifestyle,13.59,9
793-10-3222-Health and beauty,793-10-3222,Health and beauty,41.06,6
346-12-3257-Electronic accessories,346-12-3257,Electronic accessories,19.24,9
110-05-6330-Food and beverages,110-05-6330,Food and beverages,39.43,6
651-61-0874-Home and lifestyle,651-61-0874,Home and lifestyle,46.22,4
236-86-3015-Home and lifestyle,236-86-3015,Home and lifestyle,13.98,1
831-64-0259-Fashion accessories,831-64-0259,Fashion accessories,39.75,5
587-03-7455-Fashion accessories,587-03-7455,Fashion accessories,97.79,7
882-40-4577-Sports and travel,882-40-4577,Sports and travel,67.26,4
732-67-5346-Food and beverages,732-67-5346,Food and beverages,13.79,5
725-32-9708-Fashion accessories,725-32-9708,Fashion accessories,68.71,4
256-08-8343-Home and lifestyle,256-08-8343,Home and lifestyle,56.53,4
372-26-1506-Fashion accessories,372-26-1506,Fashion accessories,23.82,5
244-08-0162-Health and beauty,244-08-0162,Health and beauty,34.21,10
569-71-4390-Sports and travel,569-71-4390,Sports and travel,21.87,2
132-23-6451-Health and beauty,132-23-6451,Health and beauty,20.97,5
696-90-2548-Sports and travel,696-90-2548,Sports and travel,25.84,3
472-15-9636-Home and lifestyle,472-15-9636,Home and lifestyle,50.93,8
268-03-6164-Health and beauty,268-03-6164,Health and beauty,96.11,1
750-57-9686-Home and lifestyle,750-57-9686,Home and lifestyle,45.38,4
186-09-3669-Health and beauty,186-09-3669,Health and beauty,81.51,1
848-07-1692-Health and beauty,848-07-1692,Health and beauty,57.22,2
745-71-3520-Electronic accessories,745-71-3520,Electronic accessories,25.22,7
266-76-6436-Food and beverages,266-76-6436,Food and beverages,38.6,3
740-22-2500-Electronic accessories,740-22-2500,Electronic accessories,84.05,3
271-88-8734-Fashion accessories,271-88-8734,Fashion accessories,97.21,10
301-81-8610-Fashion accessories,301-81-8610,Fashion accessories,25.42,8
489-64-4354-Fashion accessories,489-64-4354,Fashion accessories,16.28,1
198-84-7132-Fashion accessories,198-84-7132,Fashion accessories,40.61,9
269-10-8440-Health and beauty,269-10-8440,Health and beauty,53.17,7
650-98-6268-Food and beverages,650-98-6268,Food and beverages,20.87,3
741-73-3559-Sports and travel,741-73-3559,Sports and travel,67.27,5
325-77-6186-Home and lifestyle,325-77-6186,Home and lifestyle,90.65,10
286-75-7818-Fashion accessories,286-75-7818,Fashion accessories,69.08,2
574-57-9721-Food and beverages,574-57-9721,Food and beverages,43.27,2
459-50-7686-Electronic accessories,459-50-7686,Electronic accessories,23.46,6
616-87-0016-Fashion accessories,616-87-0016,Fashion accessories,95.54,7
837-55-7229-Fashion accessories,837-55-7229,Fashion accessories,47.44,1
751-69-0068-Sports and travel,751-69-0068,Sports and travel,99.24,9
257-73-1380-Sports and travel,257-73-1380,Sports and travel,82.93,4
345-08-4992-Home and lifestyle,345-08-4992,Home and lifestyle,33.99,6
549-96-4200-Food and beverages,549-96-4200,Food and beverages,17.04,4
810-60-6344-Electronic accessories,810-60-6344,Electronic accessories,40.86,8
450-28-2866-Food and beverages,450-28-2866,Food and beverages,17.44,5
394-30-3170-Sports and travel,394-30-3170,Sports and travel,88.43,8
138-17-5109-Home and lifestyle,138-17-5109,Home and lifestyle,89.21,9
192-98-7397-Fashion accessories,192-98-7397,Fashion accessories,12.78,1
301-11-9629-Sports and travel,301-11-9629,Sports and travel,19.1,7
390-80-5128-Health and beauty,390-80-5128,Health and beauty,19.15,1
235-46-8343-Food and beverages,235-46-8343,Food and beverages,27.66,10
453-12-7053-Fashion accessories,453-12-7053,Fashion accessories,45.74,3
296-11-7041-Health and beauty,296-11-7041,Health and beauty,27.07,1
449-27-2918-Sports and travel,449-27-2918,Sports and travel,39.12,1
891-01-7034-Electronic accessories,891-01-7034,Electronic accessories,74.71,6
744-09-5786-Electronic accessories,744-09-5786,Electronic accessories,22.01,6
727-17-0390-Food and beverages,727-17-0390,Food and beverages,63.61,5
568-88-3448-Health and beauty,568-88-3448,Health and beauty,25,1
187-83-5490-Electronic accessories,187-83-5490,Electronic accessories,20.77,4
767-54-1907-Fashion accessories,767-54-1907,Fashion accessories,29.56,5
710-46-4433-Food and beverages,710-46-4433,Food and beverages,77.4,9
533-33-5337-Electronic accessories,533-33-5337,Electronic accessories,79.39,10
325-90-8763-Electronic accessories,325-90-8763,Electronic accessories,46.57,10
729-46-7422-Food and beverages,729-46-7422,Food and beverages,35.89,1
639-76-1242-Food and beverages,639-76-1242,Food and beverages,40.52,5
234-03-4040-Food and beverages,234-03-4040,Food and beverages,73.05,10
326-71-2155-Sports and travel,326-71-2155,Sports and travel,73.95,4
320-32-8842-Food and beverages,320-32-8842,Food and beverages,22.62,1
470-32-9057-Food and beverages,470-32-9057,Food and beverages,51.34,5
878-30-2331-Sports and travel,878-30-2331,Sports and travel,54.55,10
440-59-5691-Health and beauty,440-59-5691,Health and beauty,37.15,7
554-53-3790-Sports and travel,554-53-3790,Sports and travel,37.02,6
746-19-0921-Food and beverages,746-19-0921,Food and beverages,21.58,1
233-34-0817-Electronic accessories,233-34-0817,Electronic accessories,98.84,1
767-05-1286-Home and lifestyle,767-05-1286,Home and lifestyle,83.77,6
340-21-9136-Sports and travel,340-21-9136,Sports and travel,40.05,4
405-31-3305-Fashion accessories,405-31-3305,Fashion accessories,43.13,10
731-59-7531-Health and beauty,731-59-7531,Health and beauty,72.57,8
676-39-6028-Electronic accessories,676-39-6028,Electronic accessories,64.44,5
502-05-1910-Health and beauty,502-05-1910,Health and beauty,65.18,3
485-30-8700-Sports and travel,485-30-8700,Sports and travel,33.26,5
598-47-9715-Electronic accessories,598-47-9715,Electronic accessories,84.07,4
701-69-8742-Sports and travel,701-69-8742,Sports and travel,34.37,10
575-67-1508-Electronic accessories,575-67-1508,Electronic accessories,38.6,1
541-08-3113-Food and beverages,541-08-3113,Food and beverages,65.97,8
246-11-3901-Electronic accessories,246-11-3901,Electronic accessories,32.8,10
674-15-9296-Sports and travel,674-15-9296,Sports and travel,37.14,5
305-18-3552-Home and lifestyle,305-18-3552,Home and lifestyle,60.38,10
493-65-6248-Sports and travel,493-65-6248,Sports and travel,36.98,10
438-01-4015-Sports and travel,438-01-4015,Sports and travel,49.49,4
709-58-4068-Fashion accessories,709-58-4068,Fashion accessories,41.09,10
795-49-7276-Fashion accessories,795-49-7276,Fashion accessories,37.15,4
556-72-8512-Home and lifestyle,556-72-8512,Home and lifestyle,22.96,1
627-95-3243-Home and lifestyle,627-95-3243,Home and lifestyle,77.68,9
686-41-0932-Fashion accessories,686-41-0932,Fashion accessories,34.7,2
510-09-5628-Fashion accessories,510-09-5628,Fashion accessories,19.66,10
608-04-3797-Health and beauty,608-04-3797,Health and beauty,25.32,8
148-82-2527-Home and lifestyle,148-82-2527,Home and lifestyle,12.12,10
437-53-3084-Fashion accessories,437-53-3084,Fashion accessories,99.89,2
632-32-4574-Sports and travel,632-32-4574,Sports and travel,75.92,8
556-97-7101-Electronic accessories,556-97-7101,Electronic accessories,63.22,2
862-59-8517-Food and beverages,862-59-8517,Food and beverages,90.24,6
401-18-8016-Sports and travel,401-18-8016,Sports and travel,98.13,1
420-18-8989-Sports and travel,420-18-8989,Sports and travel,51.52,8
